id,Status,Image_URL,Style,UniqueHash,Location,Collection,Size,Design,Color,Construction,Price,ListingPrice,PhoneNumber,ListingTitle,ListingDescription,FacebookMarketplaceURL,createdAt,updatedAt
1,completed,http://172.245.56.50:8080/images/garage-01.png,Modern/Professional,,,,,,,,,,,,,,2025-12-22T19:21:50.955Z,2025-12-22T21:53:31.182Z
2,completed,http://172.245.56.50:8080/images/garage-02.jpeg,Modern/Professional,,,,,,,,,,,,,,2025-12-22T19:21:50.955Z,2025-12-22T21:57:02.048Z
3,completed,http://172.245.56.50:8080/images/garage-03.png,Modern/Professional,,,,,,,,,,,,,,2025-12-22T19:21:50.955Z,2025-12-22T22:00:40.027Z
4,Available,http://172.245.56.50:8080/images/garage-04.png,Modern/Professional,,,,,,,,,,,,,,2025-12-22T19:21:50.955Z,2025-12-22T19:21:50.955Z
5,Available,http://172.245.56.50:8080/images/garage-05.jpeg,Modern/Professional,,,,,,,,,,,,,,2025-12-22T19:21:50.955Z,2025-12-22T19:21:50.955Z
6,Available,http://172.245.56.50:8080/images/garage-06.png,Modern/Professional,,,,,,,,,,,,,,2025-12-22T19:21:50.955Z,2025-12-22T19:21:50.955Z
7,Available,http://172.245.56.50:8080/images/garage-07.png,Modern/Professional,,,,,,,,,,,,,,2025-12-22T19:21:50.955Z,2025-12-22T19:21:50.955Z
8,Available,http://172.245.56.50:8080/images/garage-08.png,Modern/Professional,,,,,,,,,,,,,,2025-12-22T19:21:50.955Z,2025-12-22T19:21:50.955Z
9,Available,http://172.245.56.50:8080/images/garage-09.png,Modern/Professional,,,,,,,,,,,,,,2025-12-22T19:21:50.955Z,2025-12-22T19:21:50.955Z
10,Available,http://172.245.56.50:8080/images/garage-10.jpeg,Modern/Professional,,,,,,,,,,,,,,2025-12-22T19:21:50.955Z,2025-12-22T19:21:50.955Z
11,Available,http://172.245.56.50:8080/images/garage-11.png,Modern/Professional,,,,,,,,,,,,,,2025-12-22T19:21:50.955Z,2025-12-22T19:21:50.955Z
12,Available,http://172.245.56.50:8080/images/garage-12.png,Modern/Professional,,,,,,,,,,,,,,2025-12-22T19:21:50.955Z,2025-12-22T19:21:50.955Z
13,Available,http://172.245.56.50:8080/images/garage-13.jpeg,Modern/Professional,,,,,,,,,,,,,,2025-12-22T19:21:50.955Z,2025-12-22T19:21:50.955Z
14,Available,http://172.245.56.50:8080/images/garage-14.png,Modern/Professional,,,,,,,,,,,,,,2025-12-22T19:21:50.955Z,2025-12-22T19:21:50.955Z
15,Available,http://172.245.56.50:8080/images/garage-15.jpeg,Modern/Professional,,,,,,,,,,,,,,2025-12-22T19:21:50.955Z,2025-12-22T19:21:50.955Z
16,Available,http://172.245.56.50:8080/images/garage-16.png,Modern/Professional,,,,,,,,,,,,,,2025-12-22T19:21:50.955Z,2025-12-22T19:21:50.955Z
17,Available,http://172.245.56.50:8080/images/garage-17.png,Modern/Professional,,,,,,,,,,,,,,2025-12-22T19:21:50.955Z,2025-12-22T19:21:50.955Z
18,Available,http://172.245.56.50:8080/images/garage-18.png,Modern/Professional,,,,,,,,,,,,,,2025-12-22T19:21:50.955Z,2025-12-22T19:21:50.955Z
19,Available,http://172.245.56.50:8080/images/garage-19.png,Modern/Professional,,,,,,,,,,,,,,2025-12-22T19:21:50.955Z,2025-12-22T19:21:50.955Z
20,Available,http://172.245.56.50:8080/images/garage-20.png,Modern/Professional,,,,,,,,,,,,,,2025-12-22T19:21:50.955Z,2025-12-22T19:21:50.955Z
21,Available,http://172.245.56.50:8080/images/garage-21.png,Modern/Professional,,,,,,,,,,,,,,2025-12-22T19:21:50.955Z,2025-12-22T19:21:50.955Z
22,Available,http://172.245.56.50:8080/images/garage-22.png,Modern/Professional,,,,,,,,,,,,,,2025-12-22T19:21:50.955Z,2025-12-22T19:21:50.955Z
23,Available,http://172.245.56.50:8080/images/garage-23.png,Modern/Professional,,,,,,,,,,,,,,2025-12-22T19:21:50.955Z,2025-12-22T19:21:50.955Z
24,Available,http://172.245.56.50:8080/images/garage-24.png,Modern/Professional,,,,,,,,,,,,,,2025-12-22T19:21:50.955Z,2025-12-22T19:21:50.955Z
25,Available,http://172.245.56.50:8080/images/garage-25.png,Modern/Professional,,,,,,,,,,,,,,2025-12-22T19:21:50.955Z,2025-12-22T19:21:50.955Z
26,Available,http://172.245.56.50:8080/images/garage-26.png,Modern/Professional,,,,,,,,,,,,,,2025-12-22T19:21:50.955Z,2025-12-22T19:21:50.955Z
27,Available,http://172.245.56.50:8080/images/garage-27.png,Modern/Professional,,,,,,,,,,,,,,2025-12-22T19:21:50.955Z,2025-12-22T19:21:50.955Z
28,Available,http://172.245.56.50:8080/images/garage-28.png,Modern/Professional,,,,,,,,,,,,,,2025-12-22T19:21:50.955Z,2025-12-22T19:21:50.955Z
29,Available,http://172.245.56.50:8080/images/garage-29.png,Modern/Professional,,,,,,,,,,,,,,2025-12-22T19:21:50.955Z,2025-12-22T19:21:50.955Z
30,Available,http://172.245.56.50:8080/images/garage-30.png,Modern/Professional,,,,,,,,,,,,,,2025-12-22T19:21:50.955Z,2025-12-22T19:21:50.955Z